/*
    Member 추가
*/
INSERT INTO member (id, status, nickname, friend_code, original_url, thumbnail_url, created_at, updated_at, is_deleted)
VALUES
    (1, 'ACTIVE', 'nick', 'ABCDEFG', 'keyme.space/original', 'keyme.space.thumbnail', '2023-08-05T16:07:00', '2023-08-05T16:07:00', false),
    (2, 'ACTIVE', 'james', '1234567', 'keyme.space/original', 'keyme.space.thumbnail', '2023-08-05T16:07:00', '2023-08-05T16:07:00', false),
    (3, 'ACTIVE', 'peter', 'A1B2C3D', 'keyme.space/original', 'keyme.space.thumbnail', '2023-08-05T16:07:00', '2023-08-05T16:07:00', false);

/*
    Member Oauth 정보 추가
*/

INSERT INTO member_oauth (oauth_id, oauth_type, member_id)
VALUES
    (1, 'KAKAO', 1),
    (2, 'APPLE', 2),
    (3, 'KAKAO', 3);


/*
    Member Device 정보 추가
*/
INSERT INTO member_device (member_device_id, member_id, token)
VALUES
    (1, 1, 'token1'),
    (2, 1, 'token2'),
    (3, 1, 'token3');


/*
    Question 추가
*/
INSERT INTO `question` (`question_id`, `title`, `keyword`, `category_name`, `is_onboarding`)
VALUES
    (1, '함께 시간을 보내는 것을 좋아하시나요?', '함께', '인간관계', true),
    (2, '새로운 사람들과 친해지는 것을 좋아하시나요?', '친해지는', '사회적_활동', true),
    (3, '여행을 즐기시겠군요?', '여행', '레저_및_여가', true),
    (4, '계획적이고 체계적인 성향을 가지고 계시나요?', '계획적', '성격_및_특성', true),
    (5, '감정을 잘 드러내시진 않을 것 같군요?', '감정', '감정_표현', true),
    (6, '자신의 의견을 확고하게 말하시나요?', '의견', '의사_표현', true),
    (7, '도전적인 상황에서 도전을 즐기실 것 같네요?', '도전', '성취_및_도전', true),
    (8, '새로운 아이디어와 경험에 열려있으실 것 같아요?', '아이디어', '창의성', true),
    (9, '예술과 창작적인 분야에 흥미를 느끼시겠군요?', '예술', '예술과_문화', true),
    (10, '타인과의 협력을 중요하게 생각하시나요?', '협력', '인간관계', true);
INSERT INTO `question` (`question_id`, `title`, `keyword`, `category_name`, `is_onboarding`)
VALUES
    (11, '새로운 사람들과 대화하는 것을 즐기시겠군요?', '대화', '사회적_활동', false),
    (12, '규칙과 규제를 엄격하게 준수하시나요?', '규칙', '성격_및_특성', false),
    (13, '문제가 발생했을 때 논리적으로 대처하실 것 같아요?', '대처', '문제_해결', false),
    (14, '새로운 환경과 변화에 적응하는 것을 좋아하시겠군요?', '적응', '삶의_변화', false),
    (15, '다른 사람들에게 조언을 주는 것을 좋아하시겠군요?', '조언', '인간관계', false),
    (16, '혼자만의 시간을 즐기시겠군요?', '혼자', '개인적_성향', false);

/*
    통계정보 추가
*/
INSERT INTO statistic (id, owner_id, question_id, solver_count, owner_score, solver_avg_score, match_rate, created_at, updated_at)
VALUES
    (1, 1, 1, 3, 5, 1, 20, '2023-08-05T16:07:00', '2023-08-05T16:07:00'),
    (2, 1, 2, 3, 5, 2, 22, '2023-08-05T16:07:00', '2023-08-05T16:07:00'),
    (3, 1, 3, 3, 5, 2, 25, '2023-08-05T16:07:00', '2023-08-05T16:07:00'),
    (4, 1, 4, 3, 5, 3, 33.33, '2023-08-05T16:07:00', '2023-08-05T16:07:00'),
    (5, 1, 5, 3, 5, 4, 50, '2023-08-05T16:07:00', '2023-08-05T16:07:00'),
    (6, 1, 6, 3, 5, 5, 100, '2023-08-05T16:07:00', '2023-08-05T16:07:00');
--     (7, 1, 7, 3, 5, 1, 20, '2023-08-05T16:07:00', '2023-08-05T16:07:00'),
--     (8, 1, 8, 3, 5, 1, 20, '2023-08-05T16:07:00', '2023-08-05T16:07:00'),



/*
    member 1이 테스트 추가 - test, question_bundle
*/
INSERT INTO test (test_id, owner_id, is_onboarding, title, created_at, updated_at)
VALUES
    (1, 1, true, '함께 시간을 보내는 것을 좋아하시나요?', '2023-08-10T16:07:00', '2023-08-10T16:07:00'),
    (2, 1, false, '새로운 사람들과 대화하는 것을 즐기시겠군요?', '2023-08-10T16:07:00', '2023-08-10T16:07:00');
INSERT INTO question_bundle (test_id, question_id)
VALUES
    (1, 1), (1, 2), (1, 3), (1, 4), (1, 5), (1, 6), (1, 7), (1, 8), (1, 9), (1, 10),
    (2, 11), (2, 12), (2, 13);

/*
    위 테스트의 테스트결과들 추가 - test_result, question_solved
        - 출제자의 result 추가 1
        - 기명유저의 result 추가 1
        - 익명유저의 result 추가 1
*/
INSERT INTO test_result (test_result_id, test_id, solver_id, match_rate, created_at, updated_at)
VALUES
    (1, 1, 1, 100, '2023-08-10T17:07:00', '2023-08-10T17:07:00'),
    (2, 1, null, 80, '2023-08-10T17:37:00', '2023-08-10T17:37:00'),
    (3, 1, 2, 60, '2023-08-10T18:00:00', '2023-08-10T18:00:00');
INSERT INTO question_solved(question_solved_id, test_result_id, question_id, question_owner_id, score, created_at, updated_at)
VALUES
    (1, 1, 1, 1, 4, '2023-08-10T17:07:00', '2023-08-10T17:07:00'),
    (2, 1, 2, 1, 4, '2023-08-10T17:07:00', '2023-08-10T17:07:00'),
    (3, 1, 3, 1, 4, '2023-08-10T17:07:00', '2023-08-10T17:07:00'),
    (4, 1, 4, 1, 4, '2023-08-10T17:07:00', '2023-08-10T17:07:00'),
    (5, 1, 5, 1, 4, '2023-08-10T17:07:00', '2023-08-10T17:07:00'),
    (6, 1, 6, 1, 4, '2023-08-10T17:07:00', '2023-08-10T17:07:00'),
    (7, 1, 7, 1, 4, '2023-08-10T17:07:00', '2023-08-10T17:07:00'),
    (8, 1, 8, 1, 4, '2023-08-10T17:07:00', '2023-08-10T17:07:00'),
    (9, 1, 9, 1, 4, '2023-08-10T17:07:00', '2023-08-10T17:07:00'),
    (10, 1, 10, 1, 4, '2023-08-10T17:07:00', '2023-08-10T17:07:00');
INSERT INTO question_solved(question_solved_id, test_result_id, question_id, question_owner_id, score, created_at, updated_at)
VALUES
    (11, 2, 1, 1, 4, '2023-08-11T17:07:00', '2023-08-11T17:07:00'),
    (12, 2, 2, 1, 3, '2023-08-11T17:07:00', '2023-08-11T17:07:00'),
    (13, 2, 3, 1, 4, '2023-08-11T17:07:00', '2023-08-11T17:07:00'),
    (14, 2, 4, 1, 2, '2023-08-11T17:07:00', '2023-08-11T17:07:00'),
    (15, 2, 5, 1, 3, '2023-08-11T17:07:00', '2023-08-11T17:07:00'),
    (16, 2, 6, 1, 3, '2023-08-11T17:07:00', '2023-08-11T17:07:00'),
    (17, 2, 7, 1, 4, '2023-08-11T17:07:00', '2023-08-11T17:07:00'),
    (18, 2, 8, 1, 4, '2023-08-11T17:07:00', '2023-08-11T17:07:00'),
    (19, 2, 9, 1, 1, '2023-08-11T17:07:00', '2023-08-11T17:07:00'),
    (20, 2, 10, 1, 2, '2023-08-11T17:07:00', '2023-08-11T17:07:00');
INSERT INTO question_solved(question_solved_id, test_result_id, question_id, question_owner_id, score, created_at, updated_at)
VALUES
    (21, 3, 1, 1, 2, '2023-08-11T17:17:00', '2023-08-11T17:17:00'),
    (22, 3, 2, 1, 1, '2023-08-11T17:17:00', '2023-08-11T17:17:00'),
    (23, 3, 3, 1, 4, '2023-08-11T17:17:00', '2023-08-11T17:17:00'),
    (24, 3, 4, 1, 3, '2023-08-11T17:17:00', '2023-08-11T17:17:00'),
    (25, 3, 5, 1, 5, '2023-08-11T17:17:00', '2023-08-11T17:17:00'),
    (26, 3, 6, 1, 5, '2023-08-11T17:17:00', '2023-08-11T17:17:00'),
    (27, 3, 7, 1, 2, '2023-08-11T17:17:00', '2023-08-11T17:17:00'),
    (28, 3, 8, 1, 4, '2023-08-11T17:17:00', '2023-08-11T17:17:00'),
    (29, 3, 9, 1, 3, '2023-08-11T17:17:00', '2023-08-11T17:17:00'),
    (30, 3, 10, 1, 5, '2023-08-11T17:17:00', '2023-08-11T17:17:00');

/*
    test result code 추가
*/
INSERT INTO test_result_code(result_id, code)
VALUES
    (3, 'KW2EDq')